Model,Accuracy,Precision,Recall,F1-Score
VGG16,0.6380952596664429,0.7754849279161206,0.638095238095238,0.5565625422543211
VGG16,0.7047619223594666,0.7518661518661519,0.7047619047619048,0.6830643164140001
VGG19,0.5111111402511597,0.4785264361107058,0.5111111111111111,0.45853296560460943
VGG16,0.6380952596664429,0.7550003657376929,0.638095238095238,0.5517379102474842
VGG19,0.6253968477249146,0.7787870860416289,0.6253968253968254,0.5472906396042736
