Model,Accuracy,Precision,Recall,F1-Score
VGG16,0.6380952596664429,0.7754849279161206,0.638095238095238,0.5565625422543211
VGG16,0.7047619223594666,0.7518661518661519,0.7047619047619048,0.6830643164140001
