Model,Accuracy,Precision,Recall,F1-Score
VGG16,0.6380952596664429,0.7754849279161206,0.638095238095238,0.5565625422543211
VGG16,0.7047619223594666,0.7518661518661519,0.7047619047619048,0.6830643164140001
VGG19,0.5111111402511597,0.4785264361107058,0.5111111111111111,0.45853296560460943
VGG16,0.6380952596664429,0.7550003657376929,0.638095238095238,0.5517379102474842
VGG19,0.6253968477249146,0.7787870860416289,0.6253968253968254,0.5472906396042736
VGG16,0.5492063760757446,0.418052157182592,0.5492063492063493,0.4283599898663415
VGG16,0.5460317730903625,0.3464607464607464,0.546031746031746,0.4090524686682802
VGG19,0.5555555820465088,0.5934686697521773,0.5555555555555556,0.47030545649408834
